[
  {
    "first_name": "Jack",
    "last_name": "Smith",
    "address": {
      "address1": "123 Main St.",
      "address2": "#1",
      "city": "San Francisco",
      "state": "CA",
      "zip": "94035"
    },
    "gender": "MALE",
    "age": 28,
    "order_total": {
      "amount": 10028,
      "currency": "USD"
    }
  },
  {
    "first_name": "Jack",
    "last_name": "Weber",
    "address": {
      "address1": "94567 Side St.",
      "address2": "#1",
      "city": "London",
      "state": "England",
      "zip": "515151"
    },
    "gender": "MALE",
    "age": 30,
    "order_total": {
      "amount": 110028,
      "currency": "GBP"
    }
  },
  {
    "first_name": "Jane",
    "last_name": "Smith",
    "address": {
      "address1": "123 Wood Ave.",
      "address2": "#8",
      "city": "New York",
      "state": "NY",
      "zip": "10001"
    },
    "gender": "FEMALE",
    "age": 32,
    "order_total": {
      "amount": 510028,
      "currency": "GBP"
    }
  },
  {
    "first_name": "Chester",
    "last_name": "Guinto",
    "address": {
      "address1": "456 Steel Ave.",
      "address2": "#13",
      "city": "Avocado",
      "state": "CA",
      "zip": "12345"
    },
    "gender": "MALE",
    "age": 25,
    "order_total": {
      "amount": 99999.99,
      "currency": "USD"
    }
  }
]